,avg_score,ci_bound,cv_scores,feature_idx,std_dev,std_err
1,0.64142515127495547,0.0036387826471688,[ 0.64096839  0.64359404  0.63971303],"(10,)",0.001617000029697072,0.0011433916861776482
2,0.69389060686901516,0.002789602703073948,[ 0.6949079   0.69461845  0.69214547],"(10, 5)",0.0012396419602647276,0.00087655923634657356
3,0.73642534098298673,0.0024608597273534814,[ 0.73793132  0.73536769  0.73597701],"(8, 10, 5)",0.0010935553557470605,0.00077326040765161386
4,0.74983629540308205,0.0042883234570489258,[ 0.75230003  0.74955033  0.74765853],"(8, 10, 11, 5)",0.0019056425815358927,0.0013474927919218682
5,0.76142790186579745,0.0052691370839128152,[ 0.76468399  0.76032169  0.75927802],"(8, 1, 2, 11, 5)",0.0023414959472213069,0.0016556876624010046
6,0.76415696497940078,0.0029606848722387269,[ 0.76546962  0.76464264  0.76235863],"(1, 2, 3, 5, 8, 11)",0.0013156673510187837,0.00093031730569112373
7,0.76594188752144465,0.0035297872925846535,[ 0.76815729  0.76493208  0.76473629],"(1, 2, 3, 5, 7, 8, 11)",0.0015685647400167338,0.0011091427643959465
8,0.76692738059534094,0.0020837086460455717,[ 0.76795055  0.76712357  0.76570802],"(1, 2, 3, 4, 5, 7, 8, 11)",0.00092595718657647913,0.00065475060571664552
9,0.76695494589059876,0.0021996753092029166,[ 0.76803324  0.76716492  0.76566667],"(0, 1, 2, 3, 4, 5, 7, 8, 11)",0.00097749038213989017,0.00069119007775574612
10,0.76695494646053008,0.0021384906996221222,[ 0.76801257  0.76714425  0.76570802],"(0, 1, 2, 3, 4, 5, 7, 8, 9, 11)",0.00095030120237777228,0.00067196442437105245
11,0.75828539266430461,0.005511119103678859,[ 0.76069383  0.75492568  0.75923667],"(0, 1, 2, 3, 4, 5, 6, 8, 9, 10, 11)",0.0024490277706601966,0.0017317241439479979
12,0.75752040941398369,0.0037126031218425908,[ 0.75974281  0.755794    0.75702442],"(0, 1, 2, 3, 4, 5, 6, 7, 8, 9, 10, 11)",0.0016498043275390017,0.0011665878276337401
