,avg_score,ci_bound,cv_scores,feature_idx,std_dev,std_err
1,0.60424518450215015,0.0023943326180673077,[ 0.60559449  0.60414728  0.60299378],"(2,)",0.0010639920792004103,0.00075235601433138431
2,0.69202297162822546,0.0053833051406810446,[ 0.69410159  0.69329529  0.68867203],"(2, 7)",0.0023922298791664649,0.0016915619697156828
3,0.74220736897582185,0.00039014062692949175,[ 0.74196283  0.74231429  0.74234499],"(2, 3, 7)",0.00017337045558955512,0.00012259142480477563
4,0.75967056200191474,0.0027671885049398294,[ 0.761128    0.75976348  0.75812021],"(3, 2, 11, 7)",0.0012296815524682613,0.00086951616445030903
5,0.76135211140963699,0.0018425149085490459,[ 0.76240981  0.76123137  0.76041516],"(11, 2, 3, 4, 7)",0.00081877565953526299,0.00057896182112787242
6,0.76570757225299013,0.0038749119648865092,[ 0.76813662  0.76464264  0.76434346],"(1, 2, 3, 5, 7, 11)",0.0017219310329431618,0.0012175891101296661
7,0.76594188752144465,0.0035297872925846535,[ 0.76815729  0.76493208  0.76473629],"(1, 2, 3, 5, 7, 8, 11)",0.0015685647400167338,0.0011091427643959465
8,0.76692738059534094,0.0020837086460455717,[ 0.76795055  0.76712357  0.76570802],"(1, 2, 3, 4, 5, 7, 8, 11)",0.00092595718657647913,0.00065475060571664552
9,0.76694116409786661,0.0020429256336746853,[ 0.76795055  0.76712357  0.76574937],"(1, 2, 3, 4, 5, 7, 8, 9, 11)",0.00090783405623062849,0.00064193561735276694
10,0.76695494646053008,0.0021384906996221222,[ 0.76801257  0.76714425  0.76570802],"(0, 1, 2, 3, 4, 5, 7, 8, 9, 11)",0.00095030120237777228,0.00067196442437105245
11,0.76695494646053008,0.0021384906996221222,[ 0.76801257  0.76714425  0.76570802],"(0, 1, 2, 3, 4, 5, 6, 7, 8, 9, 11)",0.00095030120237777228,0.00067196442437105245
12,0.75752040941398369,0.0037126031218425908,[ 0.75974281  0.755794    0.75702442],"(0, 1, 2, 3, 4, 5, 6, 7, 8, 9, 10, 11)",0.0016498043275390017,0.0011665878276337401
